Park Code,Park Name,Category,Category Sort,Order,Family,Taxon Code,TSN,Taxon Record Status,Scientific Name,Common Names,Synonyms,Occurrence
GLBA,Glacier Bay National Park and Preserve,Mammal,1,Artiodactyla,Bovidae,95063,180713,Active,Oreamnos americanus,Mountain goat,,Present
GLBA,Glacier Bay National Park and Preserve,Mammal,1,Artiodactyla,Cervidae,95052,180703,Active,Alces alces,Moose,,Present
GLBA,Glacier Bay National Park and Preserve,Mammal,1,Artiodactyla,Cervidae,95045,180698,Active,Odocoileus hemionus,Mule deer,,Present
GLBA,Glacier Bay National Park and Preserve,Mammal,1,Carnivora,Canidae,93340,180599,Active,Canis latrans,Coyote,,Present
GLBA,Glacier Bay National Park and Preserve,Mammal,1,Carnivora,Canidae,93337,180596,Active,Canis lupus,Gray wolf,,Present
GLBA,Glacier Bay National Park and Preserve,Mammal,1,Carnivora,Canidae,93347,180604,Active,Vulpes vulpes,Red fox,,Present
GLBA,Glacier Bay National Park and Preserve,Mammal,1,Carnivora,Felidae,93325,180585,Active,Lynx canadensis,Lynx,,Present
GLBA,Glacier Bay National Park and Preserve,Mammal,1,Carnivora,Felidae,260571,552479,Active,Puma concolor,Mountain lion,,Present
GLBA,Glacier Bay National Park and Preserve,Mammal,1,Carnivora,Mustelidae,93283,180547,Active,Enhydra lutris,Sea otter,,Present
GLBA,Glacier Bay National Park and Preserve,Mammal,1,Carnivora,Mustelidae,93288,180551,Active,Gulo gulo,Wolverine,,Present
GLBA,Glacier Bay National Park and Preserve,Mammal,1,Carnivora,Mustelidae,93285,180549,Active,Lontra canadensis,River otter,,Present
GLBA,Glacier Bay National Park and Preserve,Mammal,1,Carnivora,Mustelidae,93296,180559,Active,Martes americana,Marten,,Present
GLBA,Glacier Bay National Park and Preserve,Mammal,1,Carnivora,Mustelidae,93292,180555,Active,Mustela erminea,"Ermine, Short-tailed weasel",,Present
GLBA,Glacier Bay National Park and Preserve,Mammal,1,Carnivora,Mustelidae,93291,180554,Active,Mustela nivalis,Least weasel,,Present
GLBA,Glacier Bay National Park and Preserve,Mammal,1,Carnivora,Mustelidae,93290,180553,Active,Mustela vison,Mink,,Present
GLBA,Glacier Bay National Park and Preserve,Mammal,1,Carnivora,Otariidae,93372,180627,Active,Callorhinus ursinus,Northern fur seal,,Present
GLBA,Glacier Bay National Park and Preserve,Mammal,1,Carnivora,Otariidae,93370,180625,Active,Eumetopias jubatus,"Northern sea lion, Sea lion, Stellar sea lion",,Present
GLBA,Glacier Bay National Park and Preserve,Mammal,1,Carnivora,Phocidae,93396,180649,Active,Phoca vitulina,Harbor seal,Phoca vitulina richardsi,Present
GLBA,Glacier Bay National Park and Preserve,Mammal,1,Carnivora,Ursidae,93280,180544,Active,Ursus americanus,"American black bear, Black bear",,Present
GLBA,Glacier Bay National Park and Preserve,Mammal,1,Carnivora,Ursidae,93279,180543,Active,Ursus arctos,"Brown bear, Grizzly bear",,Present
GLBA,Glacier Bay National Park and Preserve,Mammal,1,Cetacea,Balaenopteridae,92600,180524,Active,Balaenoptera acutorostrata,Minke whale,,Present
GLBA,Glacier Bay National Park and Preserve,Mammal,1,Cetacea,Balaenopteridae,92603,180527,Active,Balaenoptera physalus,"Finback whale, Fin whale",,Probably Present
GLBA,Glacier Bay National Park and Preserve,Mammal,1,Cetacea,Balaenopteridae,92607,180530,Active,Megaptera novaeangliae,Humpback whale,,Present
GLBA,Glacier Bay National Park and Preserve,Mammal,1,Cetacea,Delphinidae,92511,180444,Active,Lagenorhynchus obliquidens,Pacific white-sided dolphin,,Present
GLBA,Glacier Bay National Park and Preserve,Mammal,1,Cetacea,Delphinidae,92538,180469,Active,Orcinus orca,Killer whale,,Present
GLBA,Glacier Bay National Park and Preserve,Mammal,1,Cetacea,Eschrichtiidae,92597,180521,Active,Eschrichtius robustus,Grey whale,,Present
GLBA,Glacier Bay National Park and Preserve,Mammal,1,Cetacea,Phocoenidae,92543,180473,Active,Phocoena phocoena,Harbor porpoise,,Present
GLBA,Glacier Bay National Park and Preserve,Mammal,1,Cetacea,Phocoenidae,92551,180480,Active,Phocoenoides dalli,Dall's porpoise,,Present
GLBA,Glacier Bay National Park and Preserve,Mammal,1,Chiroptera,Vespertilionidae,88706,179988,Active,Myotis lucifugus,"Little brown bat, Little brown myotis",,Present
GLBA,Glacier Bay National Park and Preserve,Mammal,1,Lagomorpha,Leporidae,89638,180112,Active,Lepus americanus,Snowshoe hare,,Present
GLBA,Glacier Bay National Park and Preserve,Mammal,1,Rodentia,Castoridae,90673,180212,Active,Castor canadensis,Beaver,,Present
GLBA,Glacier Bay National Park and Preserve,Mammal,1,Rodentia,Cricetidae,90762,180293,Active,Clethrionomys rutilus,"Northern red-backed vole, Red-backed vole",,Present
GLBA,Glacier Bay National Park and Preserve,Mammal,1,Rodentia,Cricetidae,90768,180299,Active,Microtus longicaudus,Long-tailed vole,,Present
GLBA,Glacier Bay National Park and Preserve,Mammal,1,Rodentia,Cricetidae,90767,180298,Active,Microtus oeconomus,Tundra vole,,Present
GLBA,Glacier Bay National Park and Preserve,Mammal,1,Rodentia,Cricetidae,260609,552497,Active,Peromyscus keeni,Keen's mouse,,Present
GLBA,Glacier Bay National Park and Preserve,Mammal,1,Rodentia,Cricetidae,90743,180276,Active,Peromyscus maniculatus,Deer mouse,,Present
GLBA,Glacier Bay National Park and Preserve,Mammal,1,Rodentia,Dipodidae,91784,180386,Active,Zapus hudsonius,"Jumping mouse, Meadow jumping mouse",,Probably Present
GLBA,Glacier Bay National Park and Preserve,Mammal,1,Rodentia,Erethizontidae,91792,180393,Active,Erethizon dorsatum,Porcupine,,Present
GLBA,Glacier Bay National Park and Preserve,Mammal,1,Rodentia,Muridae,91762,180366,Active,Mus musculus,House mouse,,Probably Present
GLBA,Glacier Bay National Park and Preserve,Mammal,1,Rodentia,Sciuridae,89700,180169,Active,Glaucomys sabrinus,Northern flying squirrel,,Present
GLBA,Glacier Bay National Park and Preserve,Mammal,1,Rodentia,Sciuridae,89667,180139,Active,Marmota caligata,Hoary marmot,,Present
GLBA,Glacier Bay National Park and Preserve,Mammal,1,Rodentia,Sciuridae,89697,180166,Active,Tamiasciurus hudsonicus,Red squirrel,,Present
GLBA,Glacier Bay National Park and Preserve,Mammal,1,Soricomorpha,Soricidae,88128,179934,Active,Sorex alaskanus,Glacier Bay water shrew,,Probably Present
GLBA,Glacier Bay National Park and Preserve,Mammal,1,Soricomorpha,Soricidae,88122,179929,Active,Sorex cinereus,"Common shrew, Masked shrew",,Present
GLBA,Glacier Bay National Park and Preserve,Mammal,1,Soricomorpha,Soricidae,88665,179950,Active,Sorex monticolus,"Dusky shrew, Montane shrew",Sorex vagrans,Present
GLBA,Glacier Bay National Park and Preserve,Mammal,1,Soricomorpha,Soricidae,88127,179933,Active,Sorex palustris,"Northern water shrew, Water shrew",,Present
GLBA,Glacier Bay National Park and Preserve,Bird,2,Accipitriformes,Accipitridae,79508,175300,Active,Accipiter gentilis,Northern goshawk,,Present
GLBA,Glacier Bay National Park and Preserve,Bird,2,Accipitriformes,Accipitridae,79512,175304,Active,Accipiter striatus,Sharp-shinned hawk,,Present
GLBA,Glacier Bay National Park and Preserve,Bird,2,Accipitriformes,Accipitridae,80429,175407,Active,Aquila chrysaetos,Golden eagle,,Present
GLBA,Glacier Bay National Park and Preserve,Bird,2,Accipitriformes,Accipitridae,79563,175350,Active,Buteo jamaicensis,Red-tailed hawk,,Present
GLBA,Glacier Bay National Park and Preserve,Bird,2,Accipitriformes,Accipitridae,80391,175373,Active,Buteo lagopus,Rough-legged hawk,,Present
GLBA,Glacier Bay National Park and Preserve,Bird,2,Accipitriformes,Accipitridae,79581,175367,Active,Buteo swainsoni,Swainson's hawk,,Present
GLBA,Glacier Bay National Park and Preserve,Bird,2,Accipitriformes,Accipitridae,80455,175430,Active,Circus cyaneus,"Marsh hawk, Northern harrier",,Present
GLBA,Glacier Bay National Park and Preserve,Bird,2,Accipitriformes,Accipitridae,80444,175420,Active,Haliaeetus leucocephalus,Bald eagle,,Present
GLBA,Glacier Bay National Park and Preserve,Bird,2,Accipitriformes,Pandionidae,81838,175590,Active,Pandion haliaetus,Osprey,,Present
GLBA,Glacier Bay National Park and Preserve,Bird,2,Anseriformes,Anatidae,77836,175122,Active,Aix sponsa,Wood Duck,,Probably Present
GLBA,Glacier Bay National Park and Preserve,Bird,2,Anseriformes,Anatidae,77782,175074,Active,Anas acuta,Northern pintail,,Present
GLBA,Glacier Bay National Park and Preserve,Bird,2,Anseriformes,Anatidae,77804,175094,Active,Anas americana,American wigeon,,Present
GLBA,Glacier Bay National Park and Preserve,Bird,2,Anseriformes,Anatidae,77806,175096,Active,Anas clypeata,Northern shoveler,,Present
GLBA,Glacier Bay National Park and Preserve,Bird,2,Anseriformes,Anatidae,77790,175081,Active,Anas crecca,Green-winged teal,,Present
GLBA,Glacier Bay National Park and Preserve,Bird,2,Anseriformes,Anatidae,77798,175089,Active,Anas cyanoptera,Cinnamon teal,,Present
GLBA,Glacier Bay National Park and Preserve,Bird,2,Anseriformes,Anatidae,77795,175086,Active,Anas discors,Blue-winged teal,,Present
GLBA,Glacier Bay National Park and Preserve,Bird,2,Anseriformes,Anatidae,77802,175092,Active,Anas penelope,Eurasian wigeon,,Present
GLBA,Glacier Bay National Park and Preserve,Bird,2,Anseriformes,Anatidae,77770,175063,Active,Anas platyrhynchos,Mallard,,Present
GLBA,Glacier Bay National Park and Preserve,Bird,2,Anseriformes,Anatidae,77775,175068,Active,Anas rubripes,American black duck,,Present
GLBA,Glacier Bay National Park and Preserve,Bird,2,Anseriformes,Anatidae,77781,175073,Active,Anas strepera,Gadwall,,Present
GLBA,Glacier Bay National Park and Preserve,Bird,2,Anseriformes,Anatidae,77723,175020,Active,Anser albifrons,"Greater white-fronted goose, White-fronted goose",,Present
GLBA,Glacier Bay National Park and Preserve,Bird,2,Anseriformes,Anatidae,78519,175134,Active,Aythya affinis,Lesser scaup,,Present
GLBA,Glacier Bay National Park and Preserve,Bird,2,Anseriformes,Anatidae,77839,175125,Active,Aythya americana,Redhead,,Present
GLBA,Glacier Bay National Park and Preserve,Bird,2,Anseriformes,Anatidae,78512,175128,Active,Aythya collaris,Ring-necked duck,,Present
GLBA,Glacier Bay National Park and Preserve,Bird,2,Anseriformes,Anatidae,78520,175135,Active,Aythya fuligula,Tufted Duck,,Present
GLBA,Glacier Bay National Park and Preserve,Bird,2,Anseriformes,Anatidae,78515,175130,Active,Aythya marila,Greater scaup,,Present
GLBA,Glacier Bay National Park and Preserve,Bird,2,Anseriformes,Anatidae,78513,175129,Active,Aythya valisineria,Canvasback,,Present
GLBA,Glacier Bay National Park and Preserve,Bird,2,Anseriformes,Anatidae,77713,175011,Active,Branta bernicla,Brant,,Present
GLBA,Glacier Bay National Park and Preserve,Bird,2,Anseriformes,Anatidae,76625,174999,Active,Branta canadensis,Canada goose,,Present
GLBA,Glacier Bay National Park and Preserve,Bird,2,Anseriformes,Anatidae,76634,175005,Active,Branta canadensis fulva,Canada geese,,Present
GLBA,Glacier Bay National Park and Preserve,Bird,2,Anseriformes,Anatidae,78531,175145,Active,Bucephala albeola,Bufflehead,,Present
GLBA,Glacier Bay National Park and Preserve,Bird,2,Anseriformes,Anatidae,78527,175141,Active,Bucephala clangula,Common goldeneye,,Present
GLBA,Glacier Bay National Park and Preserve,Bird,2,Anseriformes,Anatidae,78530,175144,Active,Bucephala islandica,Barrow's goldeneye,,Present
GLBA,Glacier Bay National Park and Preserve,Bird,2,Anseriformes,Anatidae,77742,175038,Active,Chen caerulescens,Snow goose,,Present
GLBA,Glacier Bay National Park and Preserve,Bird,2,Anseriformes,Anatidae,77747,175042,Active,Chen canagica,Emperor goose,Philacte canagica,Present
GLBA,Glacier Bay National Park and Preserve,Bird,2,Anseriformes,Anatidae,78533,175147,Active,Clangula hyemalis,Oldsquaw,,Present
GLBA,Glacier Bay National Park and Preserve,Bird,2,Anseriformes,Anatidae,76618,174992,Active,Cygnus buccinator,Trumpeter swan,Olor buccinator,Present
GLBA,Glacier Bay National Park and Preserve,Bird,2,Anseriformes,Anatidae,76612,174987,Active,Cygnus columbianus,Tundra swan,Olor columbianus,Present
GLBA,Glacier Bay National Park and Preserve,Bird,2,Anseriformes,Anatidae,78535,175149,Active,Histrionicus histrionicus,Harlequin duck,,Present
GLBA,Glacier Bay National Park and Preserve,Bird,2,Anseriformes,Anatidae,78573,175183,Active,Lophodytes cucullatus,Hooded merganser,,Present
GLBA,Glacier Bay National Park and Preserve,Bird,2,Anseriformes,Anatidae,78551,175163,Active,Melanitta fusca,White-winged scoter,Melanitta deglandi,Present
GLBA,Glacier Bay National Park and Preserve,Bird,2,Anseriformes,Anatidae,78560,175171,Active,Melanitta nigra,Black scoter,,Present
GLBA,Glacier Bay National Park and Preserve,Bird,2,Anseriformes,Anatidae,78559,175170,Active,Melanitta perspicillata,Surf scoter,,Present
GLBA,Glacier Bay National Park and Preserve,Bird,2,Anseriformes,Anatidae,78575,175185,Active,Mergus merganser,Common merganser,,Present
GLBA,Glacier Bay National Park and Preserve,Bird,2,Anseriformes,Anatidae,78577,175187,Active,Mergus serrator,Red-breasted merganser,,Present
GLBA,Glacier Bay National Park and Preserve,Bird,2,Anseriformes,Anatidae,78542,175155,Active,Somateria mollissima,Common eider,,Present
GLBA,Glacier Bay National Park and Preserve,Bird,2,Anseriformes,Anatidae,78548,175160,Active,Somateria spectabilis,King eider,,Present
GLBA,Glacier Bay National Park and Preserve,Bird,2,Apodiformes,Apodidae,83047,178002,Active,Chaetura vauxi,Vaux's swift,,Present
GLBA,Glacier Bay National Park and Preserve,Bird,2,Apodiformes,Trochilidae,83888,178036,Active,Calypte anna,Anna's Hummingbird,,Present
GLBA,Glacier Bay National Park and Preserve,Bird,2,Apodiformes,Trochilidae,83893,178040,Active,Selasphorus rufus,Rufous hummingbird,,Present
GLBA,Glacier Bay National Park and Preserve,Bird,2,Caprimulgiformes,Caprimulgidae,83019,177979,Active,Chordeiles minor,Common nighthawk,,Present
GLBA,Glacier Bay National Park and Preserve,Bird,2,Charadriiformes,Alcidae,265059,554029,Active,Aethia psittacula,Parakeet Auklet,Cyclorrhynchus psittacula,Present
GLBA,Glacier Bay National Park and Preserve,Bird,2,Charadriiformes,Alcidae,81926,176998,Active,Brachyramphus brevirostris,Kittlitz's Murrelet,,Present
GLBA,Glacier Bay National Park and Preserve,Bird,2,Charadriiformes,Alcidae,81924,176996,Active,Brachyramphus marmoratus,marbled murrelet,,Present
GLBA,Glacier Bay National Park and Preserve,Bird,2,Charadriiformes,Alcidae,81968,177034,Active,Brachyrampus brevirostris,Ktiilitz's murrelet,,Present
GLBA,Glacier Bay National Park and Preserve,Bird,2,Charadriiformes,Alcidae,81969,177035,Active,Brachyrampus marmoratus,Marbled murrelet,,Present
GLBA,Glacier Bay National Park and Preserve,Bird,2,Charadriiformes,Alcidae,81919,176991,Active,Cepphus columba,Pigeon guillemot,,Present
GLBA,Glacier Bay National Park and Preserve,Bird,2,Charadriiformes,Alcidae,81956,177023,Active,Cerorhinca monocerata,Rhinoceros auklet,,Present
GLBA,Glacier Bay National Park and Preserve,Bird,2,Charadriiformes,Alcidae,81966,177032,Active,Fratercula cirrhata,Tufted puffin,Lunda cirrhata,Present
GLBA,Glacier Bay National Park and Preserve,Bird,2,Charadriiformes,Alcidae,81962,177029,Active,Fratercula corniculata,Horned puffin,,Present
GLBA,Glacier Bay National Park and Preserve,Bird,2,Charadriiformes,Alcidae,81945,177013,Active,Ptychoramphus aleuticus,Cassin's auklet,,Present
GLBA,Glacier Bay National Park and Preserve,Bird,2,Charadriiformes,Alcidae,81939,177008,Active,Synthliboramphus antiquus,Ancient murrelet,,Present
GLBA,Glacier Bay National Park and Preserve,Bird,2,Charadriiformes,Alcidae,81900,176974,Active,Uria aalge,Common murre,,Present
GLBA,Glacier Bay National Park and Preserve,Bird,2,Charadriiformes,Alcidae,81904,176978,Active,Uria lomvia,Thick-billed Murre,,Present
GLBA,Glacier Bay National Park and Preserve,Bird,2,Charadriiformes,Charadriidae,77630,176506,Active,Charadrius semipalmatus,Semipalmated plover,,Present
GLBA,Glacier Bay National Park and Preserve,Bird,2,Charadriiformes,Charadriidae,77646,176520,Active,Charadrius vociferus,Killdeer,,Present
GLBA,Glacier Bay National Park and Preserve,Bird,2,Charadriiformes,Charadriidae,77694,176564,Active,Pluvialis dominica,"American golden-plover, Lesser golden-plover",,Present
GLBA,Glacier Bay National Park and Preserve,Bird,2,Charadriiformes,Charadriidae,265872,554381,Active,Pluvialis fulva,"Pacific Golden Plover, Pacific Golden-Plover",,Present
GLBA,Glacier Bay National Park and Preserve,Bird,2,Charadriiformes,Charadriidae,77697,176567,Active,Pluvialis squatarola,Black-bellied plover,,Present
GLBA,Glacier Bay National Park and Preserve,Bird,2,Charadriiformes,Haematopodidae,77595,176475,Active,Haematopus bachmani,Black oystercatcher,,Present
GLBA,Glacier Bay National Park and Preserve,Bird,2,Charadriiformes,Laridae,81187,176935,Active,Hydroprogne caspia,Caspian Tern,Sterna caspia,Present
GLBA,Glacier Bay National Park and Preserve,Bird,2,Charadriiformes,Laridae,81064,176824,Active,Larus argentatus,Herring gull,,Present
GLBA,Glacier Bay National Park and Preserve,Bird,2,Charadriiformes,Laridae,81069,176829,Active,Larus californicus,California Gull,,Present
GLBA,Glacier Bay National Park and Preserve,Bird,2,Charadriiformes,Laridae,81073,176832,Active,Larus canus,Mew gull,,Present
GLBA,Glacier Bay National Park and Preserve,Bird,2,Charadriiformes,Laridae,81071,176830,Active,Larus delawarensis,Ring-billed Gull,,Present
GLBA,Glacier Bay National Park and Preserve,Bird,2,Charadriiformes,Laridae,80383,176814,Active,Larus glaucescens,Glaucous-winged gull,,Present
GLBA,Glacier Bay National Park and Preserve,Bird,2,Charadriiformes,Laridae,80376,176808,Active,Larus hyperboreus,Glaucous gull,,Present
GLBA,Glacier Bay National Park and Preserve,Bird,2,Charadriiformes,Laridae,81080,176839,Active,Larus philadelphia,Bonaparte's gull,,Present
GLBA,Glacier Bay National Park and Preserve,Bird,2,Charadriiformes,Laridae,81068,176828,Active,Larus thayeri,Thayer's gull,,Present
GLBA,Glacier Bay National Park and Preserve,Bird,2,Charadriiformes,Laridae,694098,-756465,Inactive,Onychoprion aleuticus,Aleutian Tern,Sterna aleutica,Present
GLBA,Glacier Bay National Park and Preserve,Bird,2,Charadriiformes,Laridae,81094,176851,Active,Pagophila eburnea,Ivory Gull,Larus eburnea,Present
GLBA,Glacier Bay National Park and Preserve,Bird,2,Charadriiformes,Laridae,81108,176864,Active,Rhodostethia rosea,Ross's Gull,,Present
GLBA,Glacier Bay National Park and Preserve,Bird,2,Charadriiformes,Laridae,81120,176875,Active,Rissa tridactyla,Black-legged kittiwake,Larus tridactyla,Present
GLBA,Glacier Bay National Park and Preserve,Bird,2,Charadriiformes,Laridae,81137,176890,Active,Sterna paradisaea,Arctic tern,,Present
GLBA,Glacier Bay National Park and Preserve,Bird,2,Charadriiformes,Laridae,81110,176866,Active,Xema sabini,Sabine's gull,Larus sabini,Present
GLBA,Glacier Bay National Park and Preserve,Bird,2,Charadriiformes,Scolopacidae,631809,726049,Active,Actitis macularius,Spotted Sandpiper,Actitis macularia,Present
GLBA,Glacier Bay National Park and Preserve,Bird,2,Charadriiformes,Scolopacidae,79289,176673,Active,Aphriza virgata,Surfbird,,Present
GLBA,Glacier Bay National Park and Preserve,Bird,2,Charadriiformes,Scolopacidae,77702,176571,Active,Arenaria interpres,Ruddy turnstone,,Present
GLBA,Glacier Bay National Park and Preserve,Bird,2,Charadriiformes,Scolopacidae,77705,176574,Active,Arenaria melanocephala,Black turnstone,,Present
GLBA,Glacier Bay National Park and Preserve,Bird,2,Charadriiformes,Scolopacidae,79220,176610,Active,Bartramia longicauda,Upland sandpiper,,Present
GLBA,Glacier Bay National Park and Preserve,Bird,2,Charadriiformes,Scolopacidae,79284,176669,Active,Calidris alba,Sanderling,,Present
GLBA,Glacier Bay National Park and Preserve,Bird,2,Charadriiformes,Scolopacidae,79276,176661,Active,Calidris alpina,Dunlin,,Present
GLBA,Glacier Bay National Park and Preserve,Bird,2,Charadriiformes,Scolopacidae,79269,176655,Active,Calidris bairdii,Baird's sandpiper,,Present
GLBA,Glacier Bay National Park and Preserve,Bird,2,Charadriiformes,Scolopacidae,79255,176642,Active,Calidris canutus,Red knot,,Present
GLBA,Glacier Bay National Park and Preserve,Bird,2,Charadriiformes,Scolopacidae,79275,176660,Active,Calidris ferruginea,curlew sandpiper,,Probably Present
GLBA,Glacier Bay National Park and Preserve,Bird,2,Charadriiformes,Scolopacidae,79283,176668,Active,Calidris mauri,Western sandpiper,,Present
GLBA,Glacier Bay National Park and Preserve,Bird,2,Charadriiformes,Scolopacidae,79267,176653,Active,Calidris melanotos,Pectoral sandpiper,,Present
GLBA,Glacier Bay National Park and Preserve,Bird,2,Charadriiformes,Scolopacidae,79270,176656,Active,Calidris minutilla,Least sandpiper,,Present
GLBA,Glacier Bay National Park and Preserve,Bird,2,Charadriiformes,Scolopacidae,79260,176647,Active,Calidris ptilocnemis,Rock sandpiper,,Present
GLBA,Glacier Bay National Park and Preserve,Bird,2,Charadriiformes,Scolopacidae,79282,176667,Active,Calidris pusilla,Semipalmated sandpiper,,Present
GLBA,Glacier Bay National Park and Preserve,Bird,2,Charadriiformes,Scolopacidae,79273,176659,Active,Calidris ruficollis,Red-necked stint,,Present
GLBA,Glacier Bay National Park and Preserve,Bird,2,Charadriiformes,Scolopacidae,631807,726048,Active,Gallinago delicata,Common Snipe,Gallinago gallinago,Present
GLBA,Glacier Bay National Park and Preserve,Bird,2,Charadriiformes,Scolopacidae,79291,176675,Active,Limnodromus griseus,Short-billed dowitcher,,Present
GLBA,Glacier Bay National Park and Preserve,Bird,2,Charadriiformes,Scolopacidae,79295,176679,Active,Limnodromus scolopaceus,Long-billed dowitcher,,Present
GLBA,Glacier Bay National Park and Preserve,Bird,2,Charadriiformes,Scolopacidae,79303,176686,Active,Limosa fedoa,Marbled godwit,,Present
GLBA,Glacier Bay National Park and Preserve,Bird,2,Charadriiformes,Scolopacidae,79308,176690,Active,Limosa haemastica,Hudsonian godwit,,Present
GLBA,Glacier Bay National Park and Preserve,Bird,2,Charadriiformes,Scolopacidae,79304,176687,Active,Limosa lapponica,Bar-tailed godwit,,Present
GLBA,Glacier Bay National Park and Preserve,Bird,2,Charadriiformes,Scolopacidae,79206,176599,Active,Numenius phaeopus,Whimbrel,,Present
GLBA,Glacier Bay National Park and Preserve,Bird,2,Charadriiformes,Scolopacidae,79213,176604,Active,Numenius tahitiensis,Bristle-thighed curlew,,Present
GLBA,Glacier Bay National Park and Preserve,Bird,2,Charadriiformes,Scolopacidae,80294,176734,Active,Phalaropus fulicarius,Red phalarope,,Present
GLBA,Glacier Bay National Park and Preserve,Bird,2,Charadriiformes,Scolopacidae,80295,176735,Active,Phalaropus lobatus,Red-necked phalarope,,Present
GLBA,Glacier Bay National Park and Preserve,Bird,2,Charadriiformes,Scolopacidae,79231,176620,Active,Tringa flavipes,Lesser yellowlegs,,Present
GLBA,Glacier Bay National Park and Preserve,Bird,2,Charadriiformes,Scolopacidae,79242,176630,Active,Tringa incana,Wandering Tattler,Heteroscelus incanus,Present
GLBA,Glacier Bay National Park and Preserve,Bird,2,Charadriiformes,Scolopacidae,79229,176619,Active,Tringa melanoleuca,Greater yellowlegs,,Present
GLBA,Glacier Bay National Park and Preserve,Bird,2,Charadriiformes,Scolopacidae,79225,176615,Active,Tringa solitaria,Solitary sandpiper,,Present
GLBA,Glacier Bay National Park and Preserve,Bird,2,Charadriiformes,Scolopacidae,79301,176684,Active,Tryngites subruficollis,Buff-breasted sandpiper,,Present
GLBA,Glacier Bay National Park and Preserve,Bird,2,Charadriiformes,Stercorariidae,80360,176794,Active,Stercorarius longicaudus,Long-tailed jaeger,,Present
GLBA,Glacier Bay National Park and Preserve,Bird,2,Charadriiformes,Stercorariidae,490331,660062,Active,Stercorarius maccormicki,South Polar Skua,Catharacta maccormicki,Present
GLBA,Glacier Bay National Park and Preserve,Bird,2,Charadriiformes,Stercorariidae,80359,176793,Active,Stercorarius parasiticus,Parasitic jaeger,,Present
GLBA,Glacier Bay National Park and Preserve,Bird,2,Charadriiformes,Stercorariidae,80358,176792,Active,Stercorarius pomarinus,Pomarine jaeger,,Present
GLBA,Glacier Bay National Park and Preserve,Bird,2,Columbiformes,Columbidae,525775,676899,Active,Patagioenas fasciata,Band-tailed Pigeon,Columba fasciata,Present
GLBA,Glacier Bay National Park and Preserve,Bird,2,Columbiformes,Columbidae,82737,177125,Active,Zenaida macroura,Mourning dove,,Present
GLBA,Glacier Bay National Park and Preserve,Bird,2,Coraciiformes,Alcedinidae,83980,178119,Active,Ceryle alcyon,Belted kingfisher,Megaceryle alcyon,Present
GLBA,Glacier Bay National Park and Preserve,Bird,2,Falconiformes,Falconidae,82533,175613,Active,Falco columbarius,"Merlin, Pigeon hawk",,Present
GLBA,Glacier Bay National Park and Preserve,Bird,2,Falconiformes,Falconidae,81854,175604,Active,Falco peregrinus,Peregrin falcon,,Present
GLBA,Glacier Bay National Park and Preserve,Bird,2,Falconiformes,Falconidae,81847,175599,Active,Falco rusticolus,Gyrfalcon,,Present
GLBA,Glacier Bay National Park and Preserve,Bird,2,Falconiformes,Falconidae,82543,175622,Active,Falco sparverius,"American kestrel, Sparrow hawk",,Present
GLBA,Glacier Bay National Park and Preserve,Bird,2,Galliformes,Phasianidae,673742,-746168,Active,Dendragapus fuliginosus,Blue Grouse,Dendragapus obscurus,Present
GLBA,Glacier Bay National Park and Preserve,Bird,2,Galliformes,Phasianidae,83147,175804,Active,Lagopus lagopus,Willow ptarmigan,,Present
GLBA,Glacier Bay National Park and Preserve,Bird,2,Galliformes,Phasianidae,529883,677541,Active,Lagopus leucura,White-tailed Ptarmigan,Lagopus leucurus,Present
GLBA,Glacier Bay National Park and Preserve,Bird,2,Galliformes,Phasianidae,529885,677542,Active,Lagopus muta,Rock Ptarmigan,Lagopus mutus,Present
GLBA,Glacier Bay National Park and Preserve,Bird,2,Gaviiformes,Gaviidae,81673,174470,Active,Gavia adamsii,Yellow-billed loon,,Present
GLBA,Glacier Bay National Park and Preserve,Bird,2,Gaviiformes,Gaviidae,81671,174469,Active,Gavia immer,Common loon,,Present
GLBA,Glacier Bay National Park and Preserve,Bird,2,Gaviiformes,Gaviidae,81678,174475,Active,Gavia pacifica,Pacific loon,,Present
GLBA,Glacier Bay National Park and Preserve,Bird,2,Gaviiformes,Gaviidae,81677,174474,Active,Gavia stellata,Red-throated loon,,Present
GLBA,Glacier Bay National Park and Preserve,Bird,2,Gruiformes,Gruidae,86496,176177,Active,Grus canadensis,Sandhill crane,,Present
GLBA,Glacier Bay National Park and Preserve,Bird,2,Gruiformes,Rallidae,87290,176292,Active,Fulica americana,American coot,,Present
GLBA,Glacier Bay National Park and Preserve,Bird,2,Gruiformes,Rallidae,87235,176242,Active,Porzana carolina,Sora,,Present
GLBA,Glacier Bay National Park and Preserve,Bird,2,Passeriformes,Alaudidae,264079,554256,Active,Eremophila alpestris,Horned lark,,Present
GLBA,Glacier Bay National Park and Preserve,Bird,2,Passeriformes,Alaudidae,87358,178401,Active,Eromophila alpestris,,,Present
GLBA,Glacier Bay National Park and Preserve,Bird,2,Passeriformes,Bombycillidae,88296,178532,Active,Bombycilla cedrorum,Cedar Waxwing,,Present
GLBA,Glacier Bay National Park and Preserve,Bird,2,Passeriformes,Bombycillidae,88292,178529,Active,Bombycilla garrulus,Bohemian wagwing,,Present
GLBA,Glacier Bay National Park and Preserve,Bird,2,Passeriformes,Calcariidae,85681,179526,Active,Calcarius lapponicus,Lapland longspur,,Present
GLBA,Glacier Bay National Park and Preserve,Bird,2,Passeriformes,Calcariidae,85684,179529,Active,Calcarius pictus,Smith's longspur,,Present
GLBA,Glacier Bay National Park and Preserve,Bird,2,Passeriformes,Calcariidae,85688,179532,Active,Plectrophenax nivalis,Snow bunting,,Present
GLBA,Glacier Bay National Park and Preserve,Bird,2,Passeriformes,Cardinalidae,88070,179882,Active,Piranga ludoviciana,Western tanager,,Present
GLBA,Glacier Bay National Park and Preserve,Bird,2,Passeriformes,Certhiidae,90967,178803,Active,Certhia americana,Brown creeper,Certhia familiaris,Present
GLBA,Glacier Bay National Park and Preserve,Bird,2,Passeriformes,Cinclidae,88300,178536,Active,Cinclus mexicanus,American dipper,,Present
GLBA,Glacier Bay National Park and Preserve,Bird,2,Passeriformes,Corvidae,87111,179736,Active,Corvus caurinus,Northwestern crow,,Present
GLBA,Glacier Bay National Park and Preserve,Bird,2,Passeriformes,Corvidae,87099,179725,Active,Corvus corax,Common raven,,Present
GLBA,Glacier Bay National Park and Preserve,Bird,2,Passeriformes,Corvidae,86257,179685,Active,Cyanocitta stelleri,Steller's jay,,Present
GLBA,Glacier Bay National Park and Preserve,Bird,2,Passeriformes,Corvidae,87127,179750,Active,Nucifraga columbiana,Clark's nutcracker,,Present
GLBA,Glacier Bay National Park and Preserve,Bird,2,Passeriformes,Corvidae,86237,179667,Active,Perisoreus canadensis,Gray jay,,Present
GLBA,Glacier Bay National Park and Preserve,Bird,2,Passeriformes,Corvidae,626506,726117,Active,Pica hudsonia,"Black-billed Magpie, Eurasian Magpie",Pica pica,Present
GLBA,Glacier Bay National Park and Preserve,Bird,2,Passeriformes,Emberizidae,84754,179410,Active,Junco hyemalis,Dark-eyed junco,,Present
GLBA,Glacier Bay National Park and Preserve,Bird,2,Passeriformes,Emberizidae,85634,179484,Active,Melospiza lincolnii,Lincoln's sparrow,,Present
GLBA,Glacier Bay National Park and Preserve,Bird,2,Passeriformes,Emberizidae,85643,179492,Active,Melospiza melodia,Song sparrow,,Present
GLBA,Glacier Bay National Park and Preserve,Bird,2,Passeriformes,Emberizidae,83846,179314,Active,Passerculus sandwichensis,Savannah sparrow,,Present
GLBA,Glacier Bay National Park and Preserve,Bird,2,Passeriformes,Emberizidae,85612,179464,Active,Passerella iliaca,Fox sparrow,Passerella iliaca iliaca,Present
GLBA,Glacier Bay National Park and Preserve,Bird,2,Passeriformes,Emberizidae,84778,179432,Active,Spizella arborea,American tree sparrow,,Present
GLBA,Glacier Bay National Park and Preserve,Bird,2,Passeriformes,Emberizidae,84781,179435,Active,Spizella passerina,Chipping sparrow,,Present
GLBA,Glacier Bay National Park and Preserve,Bird,2,Passeriformes,Emberizidae,85610,179462,Active,Zonotrichia albicollis,White-throated Sparrow,,Present
GLBA,Glacier Bay National Park and Preserve,Bird,2,Passeriformes,Emberizidae,85609,179461,Active,Zonotrichia atricapilla,Golden-crowned sparrow,,Present
GLBA,Glacier Bay National Park and Preserve,Bird,2,Passeriformes,Emberizidae,85602,179455,Active,Zonotrichia leucophrys,White-crowned sparrow,,Present
GLBA,Glacier Bay National Park and Preserve,Bird,2,Passeriformes,Emberizidae,84802,179454,Active,Zonotrichia querula,"Harris' Sparrow, Harris's Sparrow",,Probably Present
GLBA,Glacier Bay National Park and Preserve,Bird,2,Passeriformes,Fringillidae,95280,179230,Active,Carduelis flammea,Common redpoll,,Present
GLBA,Glacier Bay National Park and Preserve,Bird,2,Passeriformes,Fringillidae,95281,179231,Active,Carduelis hornemanni,Hoary redpoll,,Probably Present
GLBA,Glacier Bay National Park and Preserve,Bird,2,Passeriformes,Fringillidae,95283,179233,Active,Carduelis pinus,Pine siskin,,Present
GLBA,Glacier Bay National Park and Preserve,Bird,2,Passeriformes,Fringillidae,94329,179215,Active,Leucosticte tephrocotis,Gray-crowned rosy-finch,Leucosticte arctoa,Present
GLBA,Glacier Bay National Park and Preserve,Bird,2,Passeriformes,Fringillidae,95311,179259,Active,Loxia curvirostra,Red crossbill,,Present
GLBA,Glacier Bay National Park and Preserve,Bird,2,Passeriformes,Fringillidae,83794,179268,Active,Loxia leucoptera,White-winged crossbill,,Present
GLBA,Glacier Bay National Park and Preserve,Bird,2,Passeriformes,Fringillidae,94318,179205,Active,Pinicola enucleator,Pine grosbeak,,Present
GLBA,Glacier Bay National Park and Preserve,Bird,2,Passeriformes,Hirundinidae,87409,178448,Active,Hirundo rustica,Barn swallow,,Present
GLBA,Glacier Bay National Park and Preserve,Bird,2,Passeriformes,Hirundinidae,87417,178455,Active,Petrochelidon pyrrhonota,Cliff Swallow,Hirundo pyrrhonota,Present
GLBA,Glacier Bay National Park and Preserve,Bird,2,Passeriformes,Hirundinidae,87396,178436,Active,Riparia riparia,Bank swallow,,Present
GLBA,Glacier Bay National Park and Preserve,Bird,2,Passeriformes,Hirundinidae,87404,178443,Active,Stelgidopteryx serripennis,Northern Rough-winged Swallow,,Present
GLBA,Glacier Bay National Park and Preserve,Bird,2,Passeriformes,Hirundinidae,87391,178431,Active,Tachycineta bicolor,Tree swallow,Iridoprocne bicolor,Present
GLBA,Glacier Bay National Park and Preserve,Bird,2,Passeriformes,Hirundinidae,87386,178427,Active,Tachycineta thalassina,Violet-green swallow,,Present
GLBA,Glacier Bay National Park and Preserve,Bird,2,Passeriformes,Icteridae,93613,179045,Active,Agelaius phoeniceus,Red-winged blackbird,,Present
GLBA,Glacier Bay National Park and Preserve,Bird,2,Passeriformes,Icteridae,93664,179091,Active,Euphagus carolinus,Rusty blackbird,,Present
GLBA,Glacier Bay National Park and Preserve,Bird,2,Passeriformes,Icteridae,94215,179112,Active,Molothrus ater,Brown-headed cowbird,,Present
GLBA,Glacier Bay National Park and Preserve,Bird,2,Passeriformes,Laniidae,88273,178511,Active,Lanius excubitor,Northern shrike,,Present
GLBA,Glacier Bay National Park and Preserve,Bird,2,Passeriformes,Motacillidae,87440,178476,Active,Motacilla alba,White wagtail,,Present
GLBA,Glacier Bay National Park and Preserve,Bird,2,Passeriformes,Paridae,265874,554382,Active,Poecile atricapillus,Black-capped Chickadee,Parus atricapillus,Present
GLBA,Glacier Bay National Park and Preserve,Bird,2,Passeriformes,Parulidae,92649,178891,Active,Dendroica coronata,Yellow-rumped warbler,,Present
GLBA,Glacier Bay National Park and Preserve,Bird,2,Passeriformes,Parulidae,92634,178878,Active,Dendroica petechia,Yellow warbler,,Present
GLBA,Glacier Bay National Park and Preserve,Bird,2,Passeriformes,Parulidae,92674,178913,Active,Dendroica striata,Blackpoll warbler,,Present
GLBA,Glacier Bay National Park and Preserve,Bird,2,Passeriformes,Parulidae,92655,178897,Active,Dendroica townsendi,Townsend's warbler,,Present
GLBA,Glacier Bay National Park and Preserve,Bird,2,Passeriformes,Parulidae,92708,178944,Active,Geothlypis trichas,Common yellowthroat,,Present
GLBA,Glacier Bay National Park and Preserve,Bird,2,Passeriformes,Parulidae,92704,178940,Active,Oporornis tolmiei,Macgillivray's warbler,,Present
GLBA,Glacier Bay National Park and Preserve,Bird,2,Passeriformes,Parulidae,92694,178931,Active,Seiurus noveboracensis,Northern waterthrush,,Present
GLBA,Glacier Bay National Park and Preserve,Bird,2,Passeriformes,Parulidae,92746,178979,Active,Setophaga ruticilla,American redstart,,Present
GLBA,Glacier Bay National Park and Preserve,Bird,2,Passeriformes,Parulidae,91025,178856,Active,Vermivora celata,Orange-crowned warbler,,Present
GLBA,Glacier Bay National Park and Preserve,Bird,2,Passeriformes,Parulidae,91024,178855,Active,Vermivora peregrina,Tennessee Warbler,,Present
GLBA,Glacier Bay National Park and Preserve,Bird,2,Passeriformes,Parulidae,92740,178973,Active,Wilsonia pusilla,Wilson's warbler,,Present
GLBA,Glacier Bay National Park and Preserve,Bird,2,Passeriformes,Regulidae,88057,179870,Active,Regulus calendula,Ruby-crowned kinglet,,Present
GLBA,Glacier Bay National Park and Preserve,Bird,2,Passeriformes,Regulidae,88051,179865,Active,Regulus satrapa,Golden-crowned kinglet,,Present
GLBA,Glacier Bay National Park and Preserve,Bird,2,Passeriformes,Sittidae,90945,178784,Active,Sitta canadensis,Red-breasted nuthatch,,Present
GLBA,Glacier Bay National Park and Preserve,Bird,2,Passeriformes,Sturnidae,86204,179637,Active,Sturnus vulgaris,European starling,,Present
GLBA,Glacier Bay National Park and Preserve,Bird,2,Passeriformes,Troglodytidae,88312,178547,Active,Troglodytes troglodytes,Winter wren,,Present
GLBA,Glacier Bay National Park and Preserve,Bird,2,Passeriformes,Turdidae,87158,179779,Active,Catharus guttatus,Hermit thrush,,Present
GLBA,Glacier Bay National Park and Preserve,Bird,2,Passeriformes,Turdidae,87174,179793,Active,Catharus minimus,Gray-cheeked thrush,,Present
GLBA,Glacier Bay National Park and Preserve,Bird,2,Passeriformes,Turdidae,87168,179788,Active,Catharus ustulatus,Swainson's thrush,,Present
GLBA,Glacier Bay National Park and Preserve,Bird,2,Passeriformes,Turdidae,87152,179773,Active,Ixoreus naevius,Varied thrush,,Present
GLBA,Glacier Bay National Park and Preserve,Bird,2,Passeriformes,Turdidae,88006,179824,Active,Myadestes townsendi,Townsend's solitaire,,Present
GLBA,Glacier Bay National Park and Preserve,Bird,2,Passeriformes,Turdidae,87195,179811,Active,Sialia currucoides,Mountain bluebird,,Present
GLBA,Glacier Bay National Park and Preserve,Bird,2,Passeriformes,Turdidae,87136,179759,Active,Turdus migratorius,American robin,,Present
GLBA,Glacier Bay National Park and Preserve,Bird,2,Passeriformes,Tyrannidae,267828,554221,Active,Contopus cooperi,Olive-sided Flycatcher,"Contopus borealis, Nuttallornis borealis",Present
GLBA,Glacier Bay National Park and Preserve,Bird,2,Passeriformes,Tyrannidae,85848,178360,Active,Contopus sordidulus,Western wood-pewee,,Present
GLBA,Glacier Bay National Park and Preserve,Bird,2,Passeriformes,Tyrannidae,85826,178340,Active,Empidonax alnorum,Alder flycatcher,,Present
GLBA,Glacier Bay National Park and Preserve,Bird,2,Passeriformes,Tyrannidae,85834,178348,Active,Empidonax difficilis,"Pacific-slope flycatcher, Western flycatcher",,Present
GLBA,Glacier Bay National Park and Preserve,Bird,2,Passeriformes,Tyrannidae,264075,554254,Active,Empidonax hammondii,Hammond's Flycatcher,Empidonax hammondi,Present
GLBA,Glacier Bay National Park and Preserve,Bird,2,Passeriformes,Tyrannidae,85818,178333,Active,Sayornis saya,Say's phoebe,,Present
GLBA,Glacier Bay National Park and Preserve,Bird,2,Passeriformes,Tyrannidae,85773,178293,Active,Tyrannus forficatus,Scissor-tailed Flycatcher,Muscivora forficata,Present
GLBA,Glacier Bay National Park and Preserve,Bird,2,Passeriformes,Tyrannidae,85757,178279,Active,Tyrannus tyrannus,Eastern kingbird,,Present
GLBA,Glacier Bay National Park and Preserve,Bird,2,Passeriformes,Tyrannidae,85766,178287,Active,Tyrannus verticalis,Western Kingbird,,Present
GLBA,Glacier Bay National Park and Preserve,Bird,2,Pelecaniformes,Ardeidae,266951,554135,Active,Ardea alba,Great Egret,,Present
GLBA,Glacier Bay National Park and Preserve,Bird,2,Pelecaniformes,Ardeidae,84416,174773,Active,Ardea herodias,Great blue heron,,Present
GLBA,Glacier Bay National Park and Preserve,Bird,2,Pelecaniformes,Ardeidae,84508,174856,Active,Botaurus lentiginosus,American bittern,,Present
GLBA,Glacier Bay National Park and Preserve,Bird,2,Pelecaniformes,Ardeidae,84450,174803,Active,Bubulcus ibis,"Cattle Egret, Western Cattle Egret",,Present
GLBA,Glacier Bay National Park and Preserve,Bird,2,Piciformes,Picidae,84820,178154,Active,Colaptes auratus,Northern flicker,,Present
GLBA,Glacier Bay National Park and Preserve,Bird,2,Piciformes,Picidae,546917,685725,Active,Picoides dorsalis,"Eurasian Three-toed Woodpecker, Three-toed Woodpecker",Picoides tridactylus,Present
GLBA,Glacier Bay National Park and Preserve,Bird,2,Piciformes,Picidae,84936,178259,Active,Picoides pubescens,Downy woodpecker,,Present
GLBA,Glacier Bay National Park and Preserve,Bird,2,Piciformes,Picidae,85739,178262,Active,Picoides villosus,Hairy woodpecker,,Present
GLBA,Glacier Bay National Park and Preserve,Bird,2,Piciformes,Picidae,84885,178212,Active,Sphyrapicus ruber,Red-breasted sapsucker,,Present
GLBA,Glacier Bay National Park and Preserve,Bird,2,Podicipediformes,Podicipedidae,81710,174503,Active,Aechmophorus occidentalis,Western grebe,,Present
GLBA,Glacier Bay National Park and Preserve,Bird,2,Podicipediformes,Podicipedidae,81686,174482,Active,Podiceps auritus,Horned grebe,,Present
GLBA,Glacier Bay National Park and Preserve,Bird,2,Podicipediformes,Podicipedidae,81682,174479,Active,Podiceps grisegena,Red-necked grebe,,Present
GLBA,Glacier Bay National Park and Preserve,Bird,2,Procellariiformes,Diomedeidae,265867,554379,Active,Phoebastria nigripes,Black-footed albatross,Diomedea nigripes,Present
GLBA,Glacier Bay National Park and Preserve,Bird,2,Procellariiformes,Hydrobatidae,82514,174625,Active,Oceanodroma furcata,Fork-tailed storm-petrel,,Present
GLBA,Glacier Bay National Park and Preserve,Bird,2,Procellariiformes,Hydrobatidae,82517,174628,Active,Oceanodroma leucorhoa,Leach's storm-petrel,,Present
GLBA,Glacier Bay National Park and Preserve,Bird,2,Procellariiformes,Procellariidae,82415,174536,Active,Fulmarus glacialis,Northern fulmar,,Present
GLBA,Glacier Bay National Park and Preserve,Bird,2,Procellariiformes,Procellariidae,82427,174547,Active,Puffinus creatopus,Pink-footed shearwater,,Present
GLBA,Glacier Bay National Park and Preserve,Bird,2,Procellariiformes,Procellariidae,82434,174553,Active,Puffinus griseus,Sooty shearwater,,Present
GLBA,Glacier Bay National Park and Preserve,Bird,2,Procellariiformes,Procellariidae,82435,174554,Active,Puffinus tenuirostris,Short-tailed shearwater,,Present
GLBA,Glacier Bay National Park and Preserve,Bird,2,Strigiformes,Strigidae,82979,177942,Active,Aegolius acadicus,Northern saw-whet owl,,Present
GLBA,Glacier Bay National Park and Preserve,Bird,2,Strigiformes,Strigidae,82974,177938,Active,Aegolius funereus,Boreal owl,,Present
GLBA,Glacier Bay National Park and Preserve,Bird,2,Strigiformes,Strigidae,82971,177935,Active,Asio flammeus,Short-eared owl,,Present
GLBA,Glacier Bay National Park and Preserve,Bird,2,Strigiformes,Strigidae,543953,686683,Active,Bubo scandiacus,snowy owl,Nyctea scandiaca,Present
GLBA,Glacier Bay National Park and Preserve,Bird,2,Strigiformes,Strigidae,80772,177884,Active,Bubo virginianus,Great horned owl,,Present
GLBA,Glacier Bay National Park and Preserve,Bird,2,Strigiformes,Strigidae,82935,177902,Active,Glaucidium gnoma,"Northern pygmy-owl, Pygmy-owl",,Present
GLBA,Glacier Bay National Park and Preserve,Bird,2,Strigiformes,Strigidae,543207,686659,Active,Megascops kennicottii,Western Screech-Owl,Otus kennicottii,Present
GLBA,Glacier Bay National Park and Preserve,Bird,2,Strigiformes,Strigidae,82964,177929,Active,Strix nebulosa,"Great Gray Owl, Great Grey Owl",,Present
GLBA,Glacier Bay National Park and Preserve,Bird,2,Strigiformes,Strigidae,82956,177921,Active,Strix varia,Barred Owl,,Present
GLBA,Glacier Bay National Park and Preserve,Bird,2,Strigiformes,Strigidae,80787,177898,Active,Surnia ulula,"Hawk-owl, Northern hawk-owl",,Present
GLBA,Glacier Bay National Park and Preserve,Bird,2,Suliformes,Phalacrocoracidae,83419,174717,Active,Phalacrocorax auritus,Double-crested cormorant,,Present
GLBA,Glacier Bay National Park and Preserve,Bird,2,Suliformes,Phalacrocoracidae,83428,174725,Active,Phalacrocorax pelagicus,Pelagic cormorant,,Present
